<service>
	<id>transaguabackend.exe</id>
	<name>transagua-backend</name>
	<description>desenvolvido por Cherry Tech</description>
	<executable>C:\Program Files\nodejs\node.exe</executable>
	<argument>--harmony</argument>
	<argument>C:\Users\SERVIDOR\AppData\Roaming\npm\node_modules\node-windows\lib\wrapper.js</argument>
	<argument>--file</argument>
	<argument>C:\Users\SERVIDOR\Documents\transagua\backend\server.js</argument>
	<argument>--scriptoptions=</argument>
	<argument>--log</argument>
	<argument>transagua-backend wrapper</argument>
	<argument>--grow</argument>
	<argument>0.25</argument>
	<argument>--wait</argument>
	<argument>1</argument>
	<argument>--maxrestarts</argument>
	<argument>3</argument>
	<argument>--abortonerror</argument>
	<argument>n</argument>
	<argument>--stopparentfirst</argument>
	<argument>undefined</argument>
	<logmode>rotate</logmode>
	<stoptimeout>30sec</stoptimeout>
	<serviceaccount>
		<domain>SERVIDOR</domain>
		<user>LocalSystem</user>
		<password></password>
	</serviceaccount>
	<workingdirectory>C:\Users\SERVIDOR\Documents\transagua\backend</workingdirectory>
</service>